chrom,start,end,length,mean_total_read_count,mean_methylation_level,num_cpg_sites,num_cpg_sites_per_bp,sample
chr1,3068434,3075459,7025,35.13138686131387,0.14446350364963492,548,0.07800711743772241,200081
chr1,13105958,13107351,1393,48.0,0.906818181818182,11,0.007896625987078248,200081
chr1,80738722,80741378,2656,48.166666666666664,0.6801666666666667,6,0.002259036144578313,200081
chr1,216758961,216759137,176,31.0,0.907,1,0.005681818181818182,200081
chr2,1721870,1724596,2726,22.53846153846154,0.8996923076923077,26,0.009537784299339692,200081
chr2,102922771,105185930,2263159,35.15789179208863,0.8004975661612406,17873,0.007897368236169001,200081
chr2,107602695,107603306,611,41.0,0.91,2,0.0032733224222585926,200081
chr2,107802962,107803287,325,25.0,0.919,1,0.003076923076923077,200081
chr3,1630258,1632410,2152,29.571428571428573,0.8871428571428571,14,0.006505576208178439,200081
chr3,22987208,22987754,546,28.0,0.9209999999999999,1,0.0018315018315018315,200081
chr3,55915768,55916842,1074,38.833333333333336,0.816,6,0.00558659217877095,200081
chr3,121764279,121764390,111,25.0,0.9586666666666667,3,0.02702702702702703,200081
chr3,131673833,131694613,20780,39.438202247191015,0.8836853932584268,89,0.004282964388835419,200081
chr3,132864834,132869535,4701,27.5,0.7482727272727273,22,0.004679855349925548,200081
chr3,176486679,176487285,606,47.0,0.803,3,0.0049504950495049506,200081
chr3,197662330,197663255,925,33.22222222222222,0.9397222222222223,18,0.01945945945945946,200081
chr3,197740555,197742945,2390,32.8974358974359,0.9330512820512821,39,0.016317991631799162,200081
chr3,197803829,197806917,3088,24.866666666666667,0.9290222222222225,45,0.014572538860103627,200081
chr4,1856189,1859161,2972,28.13013698630137,0.24464383561643832,146,0.04912516823687752,200081
chr4,6192262,6193291,1029,32.0,0.839076923076923,13,0.012633624878522837,200081
chr4,61482671,61483810,1139,39.0,0.91325,8,0.007023705004389816,200081
chr4,76036257,76052914,16657,35.6875,0.914625,256,0.01536891397010266,200081
chr4,179677514,179681843,4329,27.782608695652176,0.8107391304347825,23,0.005313005313005313,200081
chr4,182619197,182619248,51,41.0,0.7005,2,0.0392156862745098,200081
chr4,186586687,186588803,2116,34.0,0.8573636363636362,33,0.015595463137996219,200081
chr5,1286256,1295150,8894,21.248015873015873,0.7387757936507934,504,0.05666741623566449,200081
chr5,1382481,1383056,575,38.0,0.8856666666666668,18,0.03130434782608696,200081
chr5,140761574,140761652,78,43.0,0.9015,2,0.02564102564102564,200081
chr5,180866853,180867196,343,34.25,0.9095000000000001,4,0.011661807580174927,200081
chr6,697581,700025,2444,35.29032258064516,0.9339032258064516,31,0.012684124386252046,200081
chr6,83307410,83307672,262,35.0,0.8685,2,0.007633587786259542,200081
chr6,135704280,135706877,2597,29.11764705882353,0.9256470588235295,17,0.006546014632268001,200081
chr7,831353,832084,731,29.80952380952381,0.7417142857142857,21,0.028727770177838577,200081
chr7,13208323,13208475,152,35.0,0.913,1,0.006578947368421052,200081
chr7,28441419,28458076,16657,41.72049689440994,0.8736459627329188,161,0.009665606051509876,200081
chr7,30412531,30416610,4079,47.861111111111114,0.9181388888888888,36,0.008825692571708753,200081
chr7,32469295,32469633,338,39.0,0.885,1,0.0029585798816568047,200081
chr7,90046302,90047313,1011,43.333333333333336,0.8783333333333333,3,0.002967359050445104,200081
chr8,101308092,101366970,58878,31.472693032015066,0.8619981167608288,531,0.00901864873127484,200081
chr8,107179649,107187671,8022,31.95,0.9084749999999999,40,0.004986287708800797,200081
chr8,118468207,118471350,3143,37.111111111111114,0.8716111111111112,18,0.005727012408526885,200081
chr8,125037211,125037255,44,36.0,0.9390000000000001,1,0.022727272727272728,200081
chr8,128968373,128968824,451,41.666666666666664,0.952,6,0.013303769401330377,200081
chr9,8904946,8908852,3906,40.7,0.8924000000000001,30,0.007680491551459293,200081
chr9,9918425,9918974,549,36.0,0.923,4,0.007285974499089253,200081
chr9,10500940,10528248,27308,34.791666666666664,0.8510416666666668,168,0.006152043357257947,200081
chr9,10903711,10904996,1285,32.42857142857143,0.8194285714285713,7,0.005447470817120622,200081
chr9,22565429,22566599,1170,43.0,0.8468571428571429,7,0.005982905982905983,200081
chr9,25999312,26049015,49703,40.82258064516129,0.8031774193548386,248,0.004989638452407299,200081
chr9,35253858,35254160,302,33.0,0.932,1,0.0033112582781456954,200081
chr9,37894402,37895381,979,29.272727272727273,0.9162727272727271,11,0.011235955056179775,200081
chr9,42203698,42203790,92,20.0,0.9390000000000001,1,0.010869565217391304,200081
chr9,134184721,134189506,4785,28.830188679245282,0.7273584905660379,106,0.022152560083594567,200081
chr10,118676801,118677172,371,30.0,0.91225,4,0.01078167115902965,200081
chr11,9134414,9135420,1006,35.90909090909091,0.9139090909090908,11,0.010934393638170975,200081
chr11,47269659,47270174,515,32.0,0.06625423728813559,59,0.1145631067961165,200081
chr11,50367369,50368042,673,36.0,0.7673333333333333,3,0.004457652303120356,200081
chr11,94283040,94293184,10144,31.536231884057973,0.8804057971014494,69,0.00680205047318612,200081
chr11,114802280,114802511,231,40.0,0.938,2,0.008658008658008658,200081
chr12,128390,304377,175987,35.143464052287584,0.8023290849673206,3060,0.01738764795126913,200081
chr12,2658183,2658595,412,37.0,0.9543333333333335,3,0.007281553398058253,200081
chr12,2675921,2679460,3539,38.76119402985075,0.9144328358208955,67,0.01893190166713761,200081
chr12,3549134,3550287,1153,48.0,0.9375833333333334,12,0.010407632263660017,200081
chr12,3595562,3597908,2346,36.44827586206897,0.9298965517241381,29,0.0123614663256607,200081
chr12,4029803,4033424,3621,45.312056737588655,0.3934751773049647,141,0.03893951946975974,200081
chr12,115935860,115936239,379,40.0,0.922,3,0.0079155672823219,200081
chr12,131348584,131351333,2749,40.94736842105263,0.673701754385965,57,0.020734812659148782,200081
chr14,54890881,54921645,30764,35.66935483870968,0.6058971774193553,496,0.01612274086594721,200081
chr15,21015930,21018020,2090,43.03030303030303,0.7742424242424245,33,0.015789473684210527,200081
chr15,31173696,31174240,544,25.25,0.8785000000000001,4,0.007352941176470588,200081
chr15,42896018,42896483,465,35.333333333333336,0.9655,6,0.012903225806451613,200081
chr17,69927275,69927397,122,40.0,0.804,1,0.00819672131147541,200081
chr19,1922704,1922763,59,24.0,0.9165000000000001,2,0.03389830508474576,200081
chr19,13282197,13288846,6649,47.796460176991154,0.8254159292035396,113,0.016995036847646264,200081
chr19,36317540,36319891,2351,33.83783783783784,0.9146486486486485,37,0.015737983836665248,200081
chr19,49462723,49462930,207,33.75,0.7365,4,0.01932367149758454,200081
chr20,43760286,43760406,120,27.0,0.9583333333333334,3,0.025,200081
chr20,48074641,48074695,54,36.0,0.941,1,0.018518518518518517,200081
chr20,54343791,54345092,1301,41.142857142857146,0.7771428571428572,7,0.005380476556495004,200081
chr20,58904891,58907155,2264,40.61538461538461,0.9010384615384617,26,0.011484098939929329,200081
chr20,59575945,59576121,176,41.0,0.944,2,0.011363636363636364,200081
chr20,62840798,62840837,39,26.0,0.9653333333333333,3,0.07692307692307693,200081
chr20,64152465,64179144,26679,28.356454720616572,0.7819248554913297,519,0.019453502754975822,200081
chr21,5089410,5089445,35,25.0,0.7055,2,0.05714285714285714,200081
chr21,13540928,13543584,2656,35.294117647058826,0.7241764705882353,17,0.006400602409638554,200081
chr21,29035348,29037322,1974,18.64,0.9118,25,0.012664640324214792,200081
chr21,37858896,37860950,2054,35.642857142857146,0.8331428571428573,14,0.006815968841285297,200081
chr21,37895502,37927694,32192,38.15675675675676,0.5320459459459458,370,0.011493538767395626,200081
chr22,20436822,20439916,3094,25.428571428571427,0.13936,175,0.05656108597285068,200081
chrM,8780,11141,2361,195.32758620689654,0.02848275862068966,58,0.02456586192291402,200081
chrM,14059,14506,447,191.83333333333334,0.028333333333333332,6,0.013422818791946308,200081
chrX,5445437,5445454,17,38.0,0.9540000000000001,1,0.058823529411764705,200081
